{
  "accuracy": [
    0.5625,
    0.628731369972229,
    0.6613805890083313,
    0.7304104566574097,
    0.7182835936546326,
    0.7635261416435242,
    0.7439365386962891,
    0.6926305890083313,
    0.7472015023231506,
    0.7873134613037109,
    0.7938432693481445,
    0.8143656849861145,
    0.8283582329750061,
    0.8264925479888916,
    0.8311567306518555
  ],
  "loss": [
    2.0549824237823486,
    1.8391971588134766,
    1.6888681650161743,
    1.4621467590332031,
    1.4286943674087524,
    1.3139809370040894,
    1.3244062662124634,
    1.417462944984436,
    1.2418512105941772,
    1.148104190826416,
    1.0875047445297241,
    0.9996982216835022,
    0.9622202515602112,
    0.9347139596939087,
    0.8851479887962341
  ],
  "val_accuracy": [
    0.46521738171577454,
    0.30434781312942505,
    0.30434781312942505,
    0.30434781312942505,
    0.30434781312942505,
    0.47608694434165955,
    0.4434782564640045,
    0.5478261113166809,
    0.626086950302124,
    0.604347825050354,
    0.7456521987915039,
    0.8086956739425659,
    0.8086956739425659,
    0.5152173638343811,
    0.7760869860649109
  ],
  "val_loss": [
    3.2688002586364746,
    2.421064615249634,
    3.2070705890655518,
    3.219836711883545,
    3.338369369506836,
    2.7580368518829346,
    7.633645057678223,
    2.00978422164917,
    1.5504610538482666,
    1.6797802448272705,
    1.2258424758911133,
    0.980606734752655,
    0.9081608653068542,
    2.2654483318328857,
    1.025503158569336
  ],
  "learning_rate": [
    0.0010000000474974513,
    0.0010000000474974513,
    0.0010000000474974513,
    0.0010000000474974513,
    0.0010000000474974513,
    0.0010000000474974513,
    0.0010000000474974513,
    0.0005000000237487257,
    0.0005000000237487257,
    0.0005000000237487257,
    0.0005000000237487257,
    0.0005000000237487257,
    0.0005000000237487257,
    0.0005000000237487257,
    0.0005000000237487257
  ]
}